MatchDay,Season,Date,Day,Venue,Result,Squad,Opponent,Start,Pos,Min,Gls,Ast,PK,PKatt,Sh,SoT,CrdY,CrdR,Touches,Tkl,Int,Blocks,xG,npxG,xAG,SCA,GCA,Cmp,Att,Cmp%,PrgP,Carries,PrgC,Att.1,Succ
Matchweek 1,17_18,2017-08-12,Sat,Away,D 3–3,Liverpool,Watford,Y,RW,85.0,1.0,0.0,0.0,0.0,5.0,1.0,0.0,0.0,29.0,0.0,0.0,0.0,1.1,1.1,0.0,2.0,1.0,14.0,20.0,70.0,2.0,21.0,3.0,1.0,1.0
Matchweek 2,17_18,2017-08-19,Sat,Home,W 1–0,Liverpool,Crystal Palace,N,"RW,RM",30.0,0.0,0.0,0.0,0.0,2.0,2.0,0.0,0.0,17.0,1.0,0.0,0.0,0.1,0.1,0.1,4.0,0.0,9.0,12.0,75.0,1.0,12.0,0.0,1.0,1.0
Matchweek 3,17_18,2017-08-27,Sun,Home,W 4–0,Liverpool,Arsenal,Y,"RW,LW",90.0,1.0,1.0,0.0,0.0,5.0,5.0,0.0,0.0,33.0,1.0,0.0,0.0,1.4,1.4,0.5,3.0,1.0,19.0,23.0,82.6,0.0,23.0,5.0,1.0,1.0
Matchweek 4,17_18,2017-09-09,Sat,Away,L 0–5,Liverpool,Manchester City,Y,"RW,RM",45.0,0.0,0.0,0.0,0.0,1.0,1.0,0.0,0.0,19.0,0.0,0.0,0.0,0.3,0.3,0.0,2.0,0.0,11.0,15.0,73.3,1.0,12.0,3.0,5.0,3.0
Matchweek 5,17_18,2017-09-16,Sat,Home,D 1–1,Liverpool,Burnley,Y,RW,90.0,1.0,0.0,0.0,0.0,6.0,4.0,0.0,0.0,63.0,1.0,0.0,0.0,0.3,0.3,0.2,6.0,0.0,34.0,47.0,72.3,5.0,43.0,3.0,3.0,3.0
Matchweek 6,17_18,2017-09-23,Sat,Away,W 3–2,Liverpool,Leicester City,Y,RW,90.0,1.0,0.0,0.0,0.0,4.0,1.0,0.0,0.0,46.0,0.0,1.0,0.0,0.6,0.6,0.0,1.0,0.0,22.0,38.0,57.9,3.0,27.0,4.0,2.0,0.0
Matchweek 7,17_18,2017-10-01,Sun,Away,D 1–1,Liverpool,Newcastle Utd,Y,RW,83.0,0.0,0.0,0.0,0.0,1.0,0.0,0.0,0.0,46.0,0.0,1.0,0.0,0.3,0.3,0.0,3.0,0.0,31.0,41.0,75.6,3.0,19.0,1.0,1.0,1.0
Matchweek 8,17_18,2017-10-14,Sat,Home,D 0–0,Liverpool,Manchester Utd,Y,RW,77.0,0.0,0.0,0.0,0.0,4.0,1.0,0.0,0.0,38.0,0.0,0.0,0.0,0.2,0.2,0.1,4.0,0.0,21.0,25.0,84.0,2.0,27.0,4.0,11.0,8.0
Matchweek 9,17_18,2017-10-22,Sun,Away,L 1–4,Liverpool,Tottenham,Y,RW,90.0,1.0,0.0,0.0,0.0,3.0,3.0,0.0,0.0,52.0,0.0,0.0,0.0,0.3,0.3,0.1,4.0,0.0,26.0,36.0,72.2,2.0,32.0,1.0,5.0,2.0
Matchweek 10,17_18,2017-10-28,Sat,Home,W 3–0,Liverpool,Huddersfield,Y,RW,80.0,0.0,1.0,0.0,1.0,2.0,2.0,0.0,0.0,45.0,0.0,0.0,0.0,0.9,0.1,0.1,3.0,1.0,26.0,37.0,70.3,2.0,30.0,3.0,3.0,2.0
Matchweek 11,17_18,2017-11-04,Sat,Away,W 4–1,Liverpool,West Ham,Y,FW,90.0,2.0,0.0,0.0,0.0,3.0,3.0,0.0,0.0,45.0,0.0,0.0,1.0,0.6,0.6,0.5,6.0,1.0,20.0,32.0,62.5,2.0,24.0,1.0,1.0,0.0
Matchweek 12,17_18,2017-11-18,Sat,Home,W 3–0,Liverpool,Southampton,Y,RW,79.0,2.0,0.0,0.0,0.0,5.0,2.0,0.0,0.0,43.0,0.0,0.0,0.0,0.7,0.7,0.1,4.0,0.0,20.0,27.0,74.1,5.0,22.0,1.0,6.0,1.0
Matchweek 13,17_18,2017-11-25,Sat,Home,D 1–1,Liverpool,Chelsea,Y,"RW,FW",90.0,1.0,0.0,0.0,0.0,7.0,2.0,0.0,0.0,61.0,0.0,0.0,1.0,0.6,0.6,0.1,6.0,0.0,32.0,44.0,72.7,4.0,51.0,6.0,6.0,5.0
Matchweek 14,17_18,2017-11-29,Wed,Away,W 3–0,Liverpool,Stoke City,N,FW,24.0,2.0,0.0,0.0,0.0,2.0,2.0,0.0,0.0,14.0,0.0,0.0,0.0,1.0,1.0,0.1,2.0,0.0,8.0,10.0,80.0,2.0,9.0,0.0,1.0,0.0
Matchweek 15,17_18,2017-12-02,Sat,Away,W 5–1,Liverpool,Brighton,Y,FW,79.0,0.0,1.0,0.0,0.0,3.0,1.0,0.0,0.0,29.0,0.0,0.0,0.0,0.2,0.2,0.4,5.0,3.0,17.0,21.0,81.0,2.0,21.0,1.0,6.0,2.0
Matchweek 16,17_18,2017-12-10,Sun,Home,D 1–1,Liverpool,Everton,Y,RW,66.0,1.0,0.0,0.0,0.0,7.0,1.0,0.0,0.0,67.0,0.0,0.0,0.0,0.5,0.5,0.3,13.0,2.0,41.0,50.0,82.0,5.0,50.0,6.0,10.0,6.0
Matchweek 17,17_18,2017-12-13,Wed,Home,D 0–0,Liverpool,West Brom,Y,"FW,RM",90.0,0.0,0.0,0.0,0.0,2.0,0.0,0.0,0.0,33.0,0.0,0.0,1.0,0.5,0.5,0.4,3.0,0.0,21.0,26.0,80.8,1.0,23.0,2.0,5.0,5.0
Matchweek 18,17_18,2017-12-17,Sun,Away,W 4–0,Liverpool,Bournemouth,Y,RW,70.0,1.0,0.0,0.0,0.0,4.0,2.0,0.0,0.0,42.0,0.0,0.0,2.0,0.8,0.8,0.1,5.0,2.0,26.0,34.0,76.5,2.0,22.0,8.0,3.0,3.0
Matchweek 19,17_18,2017-12-22,Fri,Away,D 3–3,Liverpool,Arsenal,Y,"RW,AM",90.0,1.0,0.0,0.0,0.0,4.0,3.0,0.0,0.0,51.0,0.0,0.0,0.0,0.7,0.7,0.0,7.0,2.0,25.0,35.0,71.4,5.0,38.0,6.0,2.0,2.0
Matchweek 20,17_18,2017-12-26,Tue,Home,W 5–0,Liverpool,Swansea City,Y,RW,68.0,0.0,2.0,0.0,0.0,4.0,2.0,0.0,0.0,27.0,0.0,0.0,0.0,0.6,0.6,0.9,5.0,2.0,15.0,19.0,78.9,4.0,17.0,3.0,4.0,3.0
Matchweek 21,17_18,2017-12-30,Sat,Home,W 2–1,Liverpool,Leicester City,Y,RW,82.0,2.0,0.0,0.0,0.0,7.0,2.0,0.0,0.0,36.0,0.0,0.0,0.0,2.4,2.4,0.0,5.0,2.0,19.0,27.0,70.4,1.0,32.0,6.0,3.0,3.0
Matchweek 23,17_18,2018-01-14,Sun,Home,W 4–3,Liverpool,Manchester City,Y,RW,87.0,1.0,1.0,0.0,0.0,6.0,3.0,0.0,0.0,33.0,0.0,1.0,1.0,0.3,0.3,0.1,5.0,2.0,16.0,21.0,76.2,0.0,23.0,2.0,3.0,3.0
Matchweek 24,17_18,2018-01-22,Mon,Away,L 0–1,Liverpool,Swansea City,Y,"RW,LM",90.0,0.0,0.0,0.0,0.0,5.0,1.0,0.0,0.0,49.0,0.0,0.0,0.0,0.6,0.6,0.5,6.0,0.0,33.0,43.0,76.7,5.0,32.0,1.0,0.0,0.0
Matchweek 25,17_18,2018-01-30,Tue,Away,W 3–0,Liverpool,Huddersfield,Y,RW,82.0,1.0,0.0,1.0,1.0,2.0,0.0,0.0,0.0,50.0,0.0,0.0,0.0,1.0,0.3,0.0,2.0,1.0,30.0,42.0,71.4,0.0,27.0,1.0,3.0,3.0
Matchweek 26,17_18,2018-02-04,Sun,Home,D 2–2,Liverpool,Tottenham,Y,RW,90.0,2.0,0.0,0.0,0.0,4.0,2.0,0.0,0.0,38.0,0.0,1.0,1.0,0.9,0.9,0.1,5.0,2.0,18.0,24.0,75.0,1.0,26.0,3.0,6.0,5.0
Matchweek 27,17_18,2018-02-11,Sun,Away,W 2–0,Liverpool,Southampton,Y,"RW,FW",88.0,1.0,1.0,0.0,0.0,3.0,1.0,0.0,0.0,33.0,1.0,1.0,0.0,0.7,0.7,0.6,6.0,2.0,23.0,26.0,88.5,5.0,27.0,3.0,1.0,1.0
Matchweek 28,17_18,2018-02-24,Sat,Home,W 4–1,Liverpool,West Ham,Y,RW,86.0,1.0,1.0,0.0,0.0,5.0,3.0,0.0,0.0,39.0,0.0,0.0,0.0,0.6,0.6,0.3,4.0,2.0,25.0,31.0,80.6,4.0,23.0,0.0,1.0,0.0
Matchweek 29,17_18,2018-03-03,Sat,Home,W 2–0,Liverpool,Newcastle Utd,Y,RW,90.0,1.0,0.0,0.0,0.0,5.0,1.0,0.0,0.0,47.0,1.0,0.0,0.0,0.6,0.6,0.1,5.0,0.0,22.0,32.0,68.8,2.0,31.0,2.0,2.0,1.0
Matchweek 30,17_18,2018-03-10,Sat,Away,L 1–2,Liverpool,Manchester Utd,Y,RW,90.0,0.0,0.0,0.0,0.0,1.0,0.0,0.0,0.0,35.0,0.0,0.0,2.0,0.1,0.1,0.1,3.0,0.0,17.0,25.0,68.0,1.0,21.0,1.0,1.0,0.0
Matchweek 31,17_18,2018-03-17,Sat,Home,W 5–0,Liverpool,Watford,Y,RW,90.0,4.0,1.0,0.0,0.0,4.0,4.0,0.0,0.0,48.0,1.0,0.0,1.0,1.7,1.7,0.4,7.0,4.0,19.0,35.0,54.3,4.0,25.0,4.0,9.0,5.0
Matchweek 32,17_18,2018-03-31,Sat,Away,W 2–1,Liverpool,Crystal Palace,Y,"RW,FW",90.0,1.0,0.0,0.0,0.0,4.0,3.0,0.0,0.0,46.0,3.0,0.0,0.0,0.6,0.6,0.1,4.0,0.0,24.0,32.0,75.0,3.0,27.0,1.0,2.0,1.0
Matchweek 34,17_18,2018-04-14,Sat,Home,W 3–0,Liverpool,Bournemouth,Y,RW,90.0,1.0,0.0,0.0,0.0,6.0,3.0,0.0,0.0,49.0,0.0,0.0,0.0,0.6,0.6,0.1,4.0,0.0,24.0,33.0,72.7,3.0,28.0,5.0,6.0,2.0
Matchweek 35,17_18,2018-04-21,Sat,Away,D 2–2,Liverpool,West Brom,Y,"RW,FW",83.0,1.0,0.0,0.0,0.0,4.0,1.0,0.0,0.0,39.0,0.0,0.0,0.0,0.5,0.5,0.0,3.0,0.0,18.0,29.0,62.1,4.0,29.0,2.0,4.0,3.0
Matchweek 36,17_18,2018-04-28,Sat,Home,D 0–0,Liverpool,Stoke City,Y,"RW,FW",90.0,0.0,0.0,0.0,0.0,7.0,0.0,0.0,0.0,35.0,0.0,0.0,0.0,0.9,0.9,0.4,4.0,0.0,15.0,20.0,75.0,3.0,25.0,2.0,5.0,1.0
Matchweek 37,17_18,2018-05-06,Sun,Away,L 0–1,Liverpool,Chelsea,Y,RW,90.0,0.0,0.0,0.0,0.0,1.0,0.0,1.0,0.0,29.0,1.0,0.0,0.0,0.0,0.0,0.0,3.0,0.0,14.0,22.0,63.6,4.0,26.0,0.0,0.0,0.0
Matchweek 38,17_18,2018-05-13,Sun,Home,W 4–0,Liverpool,Brighton,Y,RW,83.0,1.0,1.0,0.0,0.0,4.0,2.0,0.0,0.0,32.0,2.0,0.0,0.0,0.8,0.8,0.5,7.0,3.0,17.0,21.0,81.0,4.0,19.0,1.0,3.0,2.0
Matchweek 1,18_19,2018-08-12,Sun,Home,W 4–0,Liverpool,West Ham,Y,"RW,FW",86,1,0,0,0,4,3,0,0,39,2,1,0,1.4,1.4,0.1,2,0,23,28,82.1,4,27,2,4,1
Matchweek 2,18_19,2018-08-20,Mon,Away,W 2–0,Liverpool,Crystal Palace,Y,RW,90,0,1,0,0,6,1,0,0,34,2,0,0,0.8,0.8,0.7,9,1,13,20,65.0,0,29,4,3,3
Matchweek 3,18_19,2018-08-25,Sat,Home,W 1–0,Liverpool,Brighton,Y,RW,90,1,0,0,0,6,2,0,0,60,1,0,0,0.3,0.3,0.4,6,0,30,45,66.7,3,46,6,3,2
Matchweek 4,18_19,2018-09-01,Sat,Away,W 2–1,Liverpool,Leicester City,Y,RW,70,0,0,0,0,3,1,0,0,26,0,0,0,0.4,0.4,0.3,4,2,18,22,81.8,2,21,3,3,2
Matchweek 5,18_19,2018-09-15,Sat,Away,W 2–1,Liverpool,Tottenham,Y,RW,90,0,0,0,0,4,2,0,0,24,0,0,0,0.5,0.5,0.2,8,0,11,15,73.3,3,20,4,4,3
Matchweek 6,18_19,2018-09-22,Sat,Home,W 3–0,Liverpool,Southampton,Y,RW,90,1,0,0,0,2,1,0,0,32,0,0,0,1.2,1.2,0.0,4,0,15,26,57.7,3,26,5,4,3
Matchweek 7,18_19,2018-09-29,Sat,Away,D 1–1,Liverpool,Chelsea,Y,RW,65,0,0,0,0,4,1,0,0,43,1,1,0,0.6,0.6,0.0,4,0,25,35,71.4,2,31,4,4,4
Matchweek 8,18_19,2018-10-07,Sun,Home,D 0–0,Liverpool,Manchester City,Y,RW,90,0,0,0,0,3,1,0,0,26,0,0,0,0.1,0.1,0.0,1,0,11,17,64.7,3,21,2,1,0
Matchweek 9,18_19,2018-10-20,Sat,Away,W 1–0,Liverpool,Huddersfield,Y,RW,90,1,0,0,0,4,2,0,0,59,1,1,2,0.3,0.3,0.0,3,0,35,46,76.1,3,49,4,4,2
Matchweek 10,18_19,2018-10-27,Sat,Home,W 4–1,Liverpool,Cardiff City,Y,FW,90,1,2,0,0,4,2,0,0,70,0,0,1,0.6,0.6,1.2,5,2,44,57,77.2,11,53,3,2,0
Matchweek 11,18_19,2018-11-03,Sat,Away,D 1–1,Liverpool,Arsenal,Y,"FW,RW",89,0,0,0,0,3,0,0,0,40,0,0,0,0.1,0.1,0.6,5,0,21,29,72.4,2,29,6,5,4
Matchweek 12,18_19,2018-11-11,Sun,Home,W 2–0,Liverpool,Fulham,Y,"FW,RW",90,1,0,0,0,5,3,0,0,31,0,0,0,0.9,0.9,0.0,5,0,11,18,61.1,0,22,4,5,4
Matchweek 13,18_19,2018-11-24,Sat,Away,W 3–0,Liverpool,Watford,Y,FW,85,1,0,0,0,2,2,0,0,26,1,0,1,0.2,0.2,0.0,0,0,10,18,55.6,1,18,1,3,2
Matchweek 14,18_19,2018-12-02,Sun,Home,W 1–0,Liverpool,Everton,Y,"FW,RW",74,0,0,0,0,1,0,0,0,28,0,0,0,0.0,0.0,1.0,4,0,13,17,76.5,2,19,2,0,0
Matchweek 15,18_19,2018-12-05,Wed,Away,W 3–1,Liverpool,Burnley,N,FW,26,0,1,0,0,2,2,0,0,11,0,0,0,0.2,0.2,0.6,4,1,7,8,87.5,1,7,2,0,0
Matchweek 16,18_19,2018-12-08,Sat,Away,W 4–0,Liverpool,Bournemouth,Y,FW,90,3,0,0,0,4,3,0,0,59,0,0,0,1.3,1.3,0.1,7,3,38,46,82.6,2,43,2,6,5
Matchweek 17,18_19,2018-12-16,Sun,Home,W 3–1,Liverpool,Manchester Utd,Y,FW,90,0,0,0,0,3,0,0,0,41,1,0,0,0.1,0.1,0.2,7,0,24,31,77.4,3,37,2,1,1
Matchweek 18,18_19,2018-12-21,Fri,Away,W 2–0,Liverpool,Wolves,Y,FW,90,1,1,0,0,4,3,0,0,65,0,0,1,1.1,1.1,0.3,8,1,43,54,79.6,6,50,3,5,4
Matchweek 19,18_19,2018-12-26,Wed,Home,W 4–0,Liverpool,Newcastle Utd,Y,FW,90,1,1,1,1,0,0,0,0,45,0,0,1,0.8,0.0,0.5,4,2,23,36,63.9,2,31,3,0,0
Matchweek 20,18_19,2018-12-29,Sat,Home,W 5–1,Liverpool,Arsenal,Y,FW,90,1,1,1,1,2,1,0,0,37,1,0,0,1.0,0.2,0.5,3,2,21,27,77.8,4,27,1,1,0
Matchweek 21,18_19,2019-01-03,Thu,Away,L 1–2,Liverpool,Manchester City,Y,"RW,FW",90,0,0,0,0,1,1,0,0,28,0,1,0,0.1,0.1,0.4,3,0,14,20,70.0,1,24,0,3,1
Matchweek 22,18_19,2019-01-12,Sat,Away,W 1–0,Liverpool,Brighton,Y,FW,89,1,0,1,1,2,1,0,0,43,1,0,0,1.3,0.5,0.1,7,2,25,34,73.5,4,35,4,3,3
Matchweek 23,18_19,2019-01-19,Sat,Home,W 4–3,Liverpool,Crystal Palace,Y,FW,89,2,0,0,0,2,2,0,0,49,1,0,0,1.5,1.5,0.2,1,0,23,30,76.7,2,35,2,5,3
Matchweek 24,18_19,2019-01-30,Wed,Home,D 1–1,Liverpool,Leicester City,Y,FW,90,0,0,0,0,2,0,0,0,37,1,0,0,0.1,0.1,0.1,3,0,17,27,63.0,2,22,3,3,1
Matchweek 25,18_19,2019-02-04,Mon,Away,D 1–1,Liverpool,West Ham,Y,"RW,FW",90,0,0,0,0,4,2,0,0,42,0,0,0,0.2,0.2,0.0,2,0,26,32,81.3,1,34,4,3,2
Matchweek 26,18_19,2019-02-09,Sat,Home,W 3–0,Liverpool,Bournemouth,Y,RW,90,1,0,0,0,7,3,0,0,73,0,0,0,0.5,0.5,0.2,9,0,43,59,72.9,15,60,5,5,2
Matchweek 27,18_19,2019-02-24,Sun,Away,D 0–0,Liverpool,Manchester Utd,Y,"RW,FW",78,0,0,0,0,1,0,0,0,33,1,0,0,0.1,0.1,0.0,0,0,19,24,79.2,3,24,1,3,1
Matchweek 28,18_19,2019-02-27,Wed,Home,W 5–0,Liverpool,Watford,Y,RW,90,0,0,0,0,4,2,0,0,70,0,0,1,0.2,0.2,0.0,2,0,38,48,79.2,10,57,8,16,7
Matchweek 29,18_19,2019-03-03,Sun,Away,D 0–0,Liverpool,Everton,Y,RW,90,0,0,0,0,2,2,0,0,30,0,0,0,0.6,0.6,0.0,3,0,17,24,70.8,3,28,6,4,3
Matchweek 30,18_19,2019-03-10,Sun,Home,W 4–2,Liverpool,Burnley,Y,RW,90,0,0,0,0,5,1,0,0,55,1,0,0,0.2,0.2,0.1,4,1,25,32,78.1,4,34,6,8,1
Matchweek 31,18_19,2019-03-17,Sun,Away,W 2–1,Liverpool,Fulham,Y,RW,89,0,0,0,0,5,3,0,0,39,2,0,0,0.5,0.5,0.0,3,1,16,20,80.0,2,31,4,6,1
Matchweek 32,18_19,2019-03-31,Sun,Home,W 2–1,Liverpool,Tottenham,Y,"RW,FW",89,0,0,0,0,5,1,0,0,29,0,0,1,0.3,0.3,0.0,4,0,12,17,70.6,1,23,4,2,0
Matchweek 33,18_19,2019-04-05,Fri,Away,W 3–1,Liverpool,Southampton,Y,RW,90,1,0,0,0,2,1,1,0,40,0,0,0,0.1,0.1,0.4,2,0,20,30,66.7,1,22,1,1,0
Matchweek 34,18_19,2019-04-14,Sun,Home,W 2–0,Liverpool,Chelsea,Y,RW,89,1,0,0,0,5,3,0,0,66,1,1,1,0.2,0.2,0.2,6,0,36,47,76.6,9,58,7,11,5
Matchweek 35,18_19,2019-04-21,Sun,Away,W 2–0,Liverpool,Cardiff City,Y,RW,90,0,0,0,0,4,3,0,0,46,2,0,0,0.7,0.7,0.0,5,1,19,31,61.3,4,28,3,5,2
Matchweek 36,18_19,2019-04-26,Fri,Home,W 5–0,Liverpool,Huddersfield,Y,"RW,FW",90,2,1,0,0,8,3,0,0,50,0,0,0,1.2,1.2,0.7,7,1,26,36,72.2,5,41,7,8,6
Matchweek 37,18_19,2019-05-04,Sat,Away,W 3–2,Liverpool,Newcastle Utd,Y,"RW,FW",72,1,0,0,0,4,1,0,0,35,1,0,0,0.3,0.3,0.4,4,1,19,26,73.1,3,30,1,4,1
Matchweek 38,18_19,2019-05-12,Sun,Home,W 2–0,Liverpool,Wolves,Y,"RW,FW",90,0,0,0,0,5,1,0,0,29,0,0,0,0.3,0.3,0.0,2,0,15,20,75.0,0,24,2,3,1
Matchweek 1,19_20,2019-08-09,Fri,Home,W 4–1,Liverpool,Norwich City,Y,"RW,FW",90,1,1,0,0,2,1,0,0,44,0,0,0,0.3,0.3,0.2,5,1,24,38,63.2,3,25,4,2,2
Matchweek 2,19_20,2019-08-17,Sat,Away,W 2–1,Liverpool,Southampton,Y,RW,78,0,0,0,0,3,1,0,0,19,0,0,0,0.4,0.4,0.0,2,0,8,14,57.1,2,13,1,0,0
Matchweek 3,19_20,2019-08-24,Sat,Home,W 3–1,Liverpool,Arsenal,Y,RW,90,2,0,1,1,4,1,0,0,50,1,0,0,1.6,0.8,0.0,8,2,29,40,72.5,5,41,7,4,3
Matchweek 4,19_20,2019-08-31,Sat,Away,W 3–0,Liverpool,Burnley,Y,"RW,FW",90,0,1,0,0,3,2,0,0,43,0,0,0,0.2,0.2,0.2,3,1,24,32,75.0,2,31,8,4,1
Matchweek 5,19_20,2019-09-14,Sat,Home,W 3–1,Liverpool,Newcastle Utd,Y,RW,90,1,0,0,0,3,1,0,0,65,2,0,0,0.6,0.6,0.5,6,1,42,53,79.2,3,58,6,4,3
Matchweek 6,19_20,2019-09-22,Sun,Away,W 2–1,Liverpool,Chelsea,Y,RW,89,0,1,0,0,1,0,0,0,51,0,0,0,0.1,0.1,0.0,1,1,27,38,71.1,0,38,2,1,0
Matchweek 7,19_20,2019-09-28,Sat,Away,W 1–0,Liverpool,Sheffield Utd,Y,"RW,FW",90,0,0,0,0,4,2,0,0,37,0,0,0,0.6,0.6,0.1,6,0,18,27,66.7,1,31,4,2,1
Matchweek 8,19_20,2019-10-05,Sat,Home,W 2–1,Liverpool,Leicester City,Y,FW,89,0,0,0,0,5,2,0,0,42,1,1,1,0.9,0.9,0.2,5,0,21,29,72.4,2,32,4,3,3
Matchweek 10,19_20,2019-10-27,Sun,Home,W 2–1,Liverpool,Tottenham,Y,RW,84,1,0,1,1,6,4,0,0,31,0,0,0,1.1,0.3,0.1,4,0,18,19,94.7,3,25,1,4,1
Matchweek 11,19_20,2019-11-02,Sat,Away,W 2–1,Liverpool,Aston Villa,Y,RW,64,0,0,0,0,4,1,0,0,20,1,0,0,0.4,0.4,0.0,2,0,8,10,80.0,0,15,0,0,0
Matchweek 12,19_20,2019-11-10,Sun,Home,W 3–1,Liverpool,Manchester City,Y,"RW,FW",86,1,0,0,0,3,2,0,0,34,1,0,1,0.3,0.3,0.0,1,0,19,25,76.0,3,29,1,4,3
Matchweek 13,19_20,2019-11-23,Sat,Away,W 2–1,Liverpool,Crystal Palace,N,"On matchday squad, but did not play","On matchday squad, but did not play","On matchday squad, but did not play","On matchday squad, but did not play","On matchday squad, but did not play","On matchday squad, but did not play","On matchday squad, but did not play","On matchday squad, but did not play","On matchday squad, but did not play","On matchday squad, but did not play","On matchday squad, but did not play","On matchday squad, but did not play","On matchday squad, but did not play","On matchday squad, but did not play","On matchday squad, but did not play","On matchday squad, but did not play","On matchday squad, but did not play","On matchday squad, but did not play","On matchday squad, but did not play","On matchday squad, but did not play","On matchday squad, but did not play","On matchday squad, but did not play","On matchday squad, but did not play","On matchday squad, but did not play","On matchday squad, but did not play","On matchday squad, but did not play","On matchday squad, but did not play"
Matchweek 14,19_20,2019-11-30,Sat,Home,W 2–1,Liverpool,Brighton,Y,RW,68,0,0,0,0,2,0,0,0,17,0,0,0,0.2,0.2,0.1,3,0,11,14,78.6,1,15,2,1,1
Matchweek 15,19_20,2019-12-04,Wed,Home,W 5–2,Liverpool,Everton,N,"On matchday squad, but did not play","On matchday squad, but did not play","On matchday squad, but did not play","On matchday squad, but did not play","On matchday squad, but did not play","On matchday squad, but did not play","On matchday squad, but did not play","On matchday squad, but did not play","On matchday squad, but did not play","On matchday squad, but did not play","On matchday squad, but did not play","On matchday squad, but did not play","On matchday squad, but did not play","On matchday squad, but did not play","On matchday squad, but did not play","On matchday squad, but did not play","On matchday squad, but did not play","On matchday squad, but did not play","On matchday squad, but did not play","On matchday squad, but did not play","On matchday squad, but did not play","On matchday squad, but did not play","On matchday squad, but did not play","On matchday squad, but did not play","On matchday squad, but did not play","On matchday squad, but did not play","On matchday squad, but did not play"
Matchweek 16,19_20,2019-12-07,Sat,Away,W 3–0,Liverpool,Bournemouth,Y,RW,90,1,1,0,0,5,4,0,0,57,0,0,0,0.9,0.9,0.6,4,1,37,44,84.1,2,48,2,1,0
Matchweek 17,19_20,2019-12-14,Sat,Home,W 2–0,Liverpool,Watford,Y,FW,90,2,0,0,0,7,3,0,0,42,1,1,0,1.0,1.0,0.0,3,0,18,25,72.0,2,29,5,5,1
Matchweek 19,19_20,2019-12-26,Thu,Away,W 4–0,Liverpool,Leicester City,Y,RW,69,0,0,0,0,4,0,0,0,27,0,0,0,0.2,0.2,0.7,4,1,9,17,52.9,0,18,3,3,2
Matchweek 20,19_20,2019-12-29,Sun,Home,W 1–0,Liverpool,Wolves,Y,FW,90,0,0,0,0,2,1,0,0,38,1,0,0,0.4,0.4,0.2,4,0,19,25,76.0,5,26,2,2,0
Matchweek 21,19_20,2020-01-02,Thu,Home,W 2–0,Liverpool,Sheffield Utd,Y,RW,89,1,0,0,0,5,4,0,0,45,0,0,0,0.6,0.6,0.6,3,0,29,38,76.3,4,37,2,0,0
Matchweek 22,19_20,2020-01-11,Sat,Away,W 1–0,Liverpool,Tottenham,Y,RW,89,0,1,0,0,1,0,0,0,41,0,1,0,0.1,0.1,0.5,6,1,28,34,82.4,4,34,4,2,2
Matchweek 23,19_20,2020-01-19,Sun,Home,W 2–0,Liverpool,Manchester Utd,Y,"RW,FW",90,1,0,0,0,4,1,1,0,45,2,3,0,0.8,0.8,0.4,3,0,20,28,71.4,4,34,4,2,1
Matchweek 24,19_20,2020-01-23,Thu,Away,W 2–1,Liverpool,Wolves,Y,"RW,FW",84,0,0,0,0,6,2,0,0,41,0,0,0,0.4,0.4,0.0,6,1,26,33,78.8,1,33,4,5,5
Matchweek 18,19_20,2020-01-29,Wed,Away,W 2–0,Liverpool,West Ham,Y,RW,90,1,1,1,1,4,0,0,0,47,0,0,0,1.0,0.2,1.0,6,1,26,37,70.3,3,39,1,1,0
Matchweek 25,19_20,2020-02-01,Sat,Home,W 4–0,Liverpool,Southampton,Y,RW,90,2,0,0,0,4,2,0,0,33,1,1,1,1.3,1.3,0.7,6,1,17,24,70.8,4,16,2,5,4
Matchweek 26,19_20,2020-02-15,Sat,Away,W 1–0,Liverpool,Norwich City,Y,RW,90,0,0,0,0,4,1,0,0,41,1,0,0,0.3,0.3,0.1,4,0,19,26,73.1,4,30,2,3,0
Matchweek 27,19_20,2020-02-24,Mon,Home,W 3–2,Liverpool,West Ham,Y,"RW,FW",90,1,0,0,0,5,3,0,0,52,1,0,0,0.4,0.4,0.0,5,0,28,37,75.7,6,36,6,8,5
Matchweek 28,19_20,2020-02-29,Sat,Away,L 0–3,Liverpool,Watford,Y,"RW,FW",90,0,0,0,0,2,0,0,0,32,0,0,0,0.1,0.1,0.0,0,0,16,27,59.3,1,22,3,2,2
Matchweek 29,19_20,2020-03-07,Sat,Home,W 2–1,Liverpool,Bournemouth,Y,RW,90,1,0,0,0,2,2,0,0,62,0,0,0,0.1,0.1,0.5,5,0,39,55,70.9,2,44,4,4,4
Matchweek 30,19_20,2020-06-21,Sun,Away,D 0–0,Liverpool,Everton,N,"On matchday squad, but did not play","On matchday squad, but did not play","On matchday squad, but did not play","On matchday squad, but did not play","On matchday squad, but did not play","On matchday squad, but did not play","On matchday squad, but did not play","On matchday squad, but did not play","On matchday squad, but did not play","On matchday squad, but did not play","On matchday squad, but did not play","On matchday squad, but did not play","On matchday squad, but did not play","On matchday squad, but did not play","On matchday squad, but did not play","On matchday squad, but did not play","On matchday squad, but did not play","On matchday squad, but did not play","On matchday squad, but did not play","On matchday squad, but did not play","On matchday squad, but did not play","On matchday squad, but did not play","On matchday squad, but did not play","On matchday squad, but did not play","On matchday squad, but did not play","On matchday squad, but did not play","On matchday squad, but did not play"
Matchweek 31,19_20,2020-06-24,Wed,Home,W 4–0,Liverpool,Crystal Palace,Y,RW,90,1,1,0,0,5,1,0,0,77,0,0,0,0.7,0.7,0.4,6,1,52,68,76.5,11,65,5,2,1
Matchweek 32,19_20,2020-07-02,Thu,Away,L 0–4,Liverpool,Manchester City,Y,RW,90,0,0,0,0,4,2,0,0,29,0,0,0,0.2,0.2,0.1,5,0,17,22,77.3,4,21,3,0,0
Matchweek 33,19_20,2020-07-05,Sun,Home,W 2–0,Liverpool,Aston Villa,Y,RW,90,0,1,0,0,1,1,0,0,35,0,0,0,0.1,0.1,0.2,3,1,20,27,74.1,1,27,2,2,1
Matchweek 34,19_20,2020-07-08,Wed,Away,W 3–1,Liverpool,Brighton,Y,RW,90,2,1,0,0,8,5,0,0,43,0,0,0,1.6,1.6,0.1,3,0,25,33,75.8,0,33,4,1,0
Matchweek 35,19_20,2020-07-11,Sat,Home,D 1–1,Liverpool,Burnley,Y,RW,90,0,0,0,0,6,4,0,0,36,0,0,0,0.8,0.8,0.3,7,0,21,28,75.0,4,31,2,1,1
Matchweek 36,19_20,2020-07-15,Wed,Away,L 1–2,Liverpool,Arsenal,Y,RW,82,0,0,0,0,4,2,0,0,24,1,0,0,0.7,0.7,0.0,3,0,10,14,71.4,1,15,0,2,1
Matchweek 37,19_20,2020-07-22,Wed,Home,W 5–3,Liverpool,Chelsea,Y,RW,78,0,1,0,0,3,1,0,0,45,2,1,0,0.5,0.5,0.1,2,1,26,34,76.5,2,27,3,3,2
Matchweek 38,19_20,2020-07-26,Sun,Away,W 3–1,Liverpool,Newcastle Utd,N,RW,27,0,0,0,0,3,0,0,0,23,0,0,0,0.2,0.2,0.1,2,0,16,20,80.0,1,19,2,0,0
Matchweek 1,20_21,2020-09-12,Sat,Home,W 4–3,Liverpool,Leeds United,Y,RW,90.0,3.0,0.0,2.0,2.0,7.0,1.0,0.0,0.0,75.0,2.0,0.0,1.0,1.9,0.4,0.2,9.0,1.0,37.0,47.0,78.7,8.0,54.0,8.0,14.0,7.0
Matchweek 2,20_21,2020-09-20,Sun,Away,W 2–0,Liverpool,Chelsea,Y,RW,90.0,0.0,0.0,0.0,0.0,4.0,1.0,0.0,0.0,75.0,0.0,0.0,2.0,0.2,0.2,0.2,8.0,1.0,54.0,65.0,83.1,6.0,57.0,1.0,4.0,2.0
Matchweek 3,20_21,2020-09-28,Mon,Home,W 3–1,Liverpool,Arsenal,Y,RW,90.0,0.0,0.0,0.0,0.0,4.0,1.0,0.0,0.0,49.0,1.0,0.0,0.0,0.2,0.2,0.4,7.0,3.0,28.0,39.0,71.8,3.0,33.0,4.0,2.0,1.0
Matchweek 4,20_21,2020-10-04,Sun,Away,L 2–7,Liverpool,Aston Villa,Y,RW,90.0,2.0,0.0,0.0,0.0,2.0,2.0,0.0,0.0,50.0,1.0,0.0,0.0,0.5,0.5,0.7,8.0,0.0,36.0,40.0,90.0,7.0,40.0,5.0,5.0,2.0
Matchweek 5,20_21,2020-10-17,Sat,Away,D 2–2,Liverpool,Everton,Y,RW,90.0,1.0,0.0,0.0,0.0,6.0,4.0,0.0,0.0,51.0,1.0,0.0,0.0,0.4,0.4,0.4,6.0,1.0,26.0,29.0,89.7,5.0,37.0,3.0,4.0,1.0
Matchweek 6,20_21,2020-10-24,Sat,Home,W 2–1,Liverpool,Sheffield Utd,Y,"FW,RW",90.0,0.0,0.0,0.0,0.0,4.0,1.0,0.0,0.0,51.0,1.0,0.0,0.0,0.8,0.8,0.1,6.0,0.0,33.0,39.0,84.6,1.0,39.0,6.0,5.0,2.0
Matchweek 7,20_21,2020-10-31,Sat,Home,W 2–1,Liverpool,West Ham,Y,"RW,FW",89.0,1.0,0.0,1.0,1.0,2.0,1.0,0.0,0.0,44.0,0.0,0.0,1.0,1.0,0.2,0.0,3.0,1.0,26.0,34.0,76.5,2.0,31.0,0.0,1.0,0.0
Matchweek 8,20_21,2020-11-08,Sun,Away,D 1–1,Liverpool,Manchester City,Y,FW,90.0,1.0,0.0,1.0,1.0,1.0,0.0,0.0,0.0,27.0,0.0,0.0,0.0,0.8,0.0,0.2,5.0,0.0,17.0,21.0,81.0,3.0,24.0,3.0,1.0,0.0
Matchweek 10,20_21,2020-11-28,Sat,Away,D 1–1,Liverpool,Brighton,Y,RW,63.0,0.0,1.0,0.0,0.0,1.0,0.0,0.0,0.0,25.0,0.0,0.0,0.0,0.1,0.1,0.1,2.0,1.0,17.0,21.0,81.0,0.0,20.0,1.0,1.0,0.0
Matchweek 11,20_21,2020-12-06,Sun,Home,W 4–0,Liverpool,Wolves,Y,RW,90.0,1.0,1.0,0.0,0.0,3.0,2.0,0.0,0.0,54.0,0.0,0.0,0.0,0.5,0.5,0.3,3.0,1.0,41.0,46.0,89.1,6.0,37.0,6.0,3.0,2.0
Matchweek 12,20_21,2020-12-13,Sun,Away,D 1–1,Liverpool,Fulham,Y,RW,83.0,1.0,0.0,1.0,1.0,2.0,1.0,0.0,0.0,39.0,1.0,0.0,0.0,0.9,0.1,0.0,1.0,0.0,17.0,24.0,70.8,1.0,20.0,2.0,2.0,1.0
Matchweek 13,20_21,2020-12-16,Wed,Home,W 2–1,Liverpool,Tottenham,Y,RW,90.0,1.0,0.0,0.0,0.0,4.0,4.0,0.0,0.0,69.0,2.0,0.0,1.0,0.2,0.2,0.1,1.0,0.0,41.0,53.0,77.4,6.0,46.0,2.0,3.0,1.0
Matchweek 14,20_21,2020-12-19,Sat,Away,W 7–0,Liverpool,Crystal Palace,N,RW,34.0,2.0,1.0,0.0,0.0,2.0,2.0,0.0,0.0,33.0,1.0,0.0,0.0,0.1,0.1,0.3,2.0,1.0,29.0,29.0,100.0,3.0,15.0,2.0,0.0,0.0
Matchweek 15,20_21,2020-12-27,Sun,Home,D 1–1,Liverpool,West Brom,Y,RW,90.0,0.0,0.0,0.0,0.0,3.0,0.0,0.0,0.0,68.0,0.0,0.0,0.0,0.1,0.1,0.0,1.0,0.0,53.0,58.0,91.4,5.0,36.0,1.0,1.0,1.0
Matchweek 16,20_21,2020-12-30,Wed,Away,D 0–0,Liverpool,Newcastle Utd,Y,RW,89.0,0.0,0.0,0.0,0.0,2.0,1.0,0.0,0.0,29.0,0.0,0.0,0.0,0.9,0.9,0.0,2.0,0.0,19.0,23.0,82.6,0.0,14.0,3.0,1.0,1.0
Matchweek 17,20_21,2021-01-04,Mon,Away,L 0–1,Liverpool,Southampton,Y,RW,90.0,0.0,0.0,0.0,0.0,2.0,0.0,0.0,0.0,30.0,1.0,0.0,0.0,0.3,0.3,0.1,2.0,0.0,12.0,21.0,57.1,3.0,18.0,1.0,3.0,2.0
Matchweek 19,20_21,2021-01-17,Sun,Home,D 0–0,Liverpool,Manchester Utd,Y,RW,90.0,0.0,0.0,0.0,0.0,3.0,0.0,0.0,0.0,58.0,2.0,0.0,0.0,0.2,0.2,0.1,4.0,0.0,42.0,45.0,93.3,4.0,36.0,1.0,1.0,0.0
Matchweek 18,20_21,2021-01-21,Thu,Home,L 0–1,Liverpool,Burnley,N,RW,34.0,0.0,0.0,0.0,0.0,2.0,1.0,0.0,0.0,33.0,0.0,0.0,0.0,0.1,0.1,0.1,2.0,0.0,21.0,27.0,77.8,3.0,33.0,4.0,0.0,0.0
Matchweek 20,20_21,2021-01-28,Thu,Away,W 3–1,Liverpool,Tottenham,Y,RW,90.0,0.0,0.0,0.0,0.0,1.0,0.0,0.0,0.0,40.0,0.0,0.0,0.0,0.1,0.1,0.6,3.0,0.0,28.0,36.0,77.8,4.0,36.0,3.0,3.0,2.0
Matchweek 21,20_21,2021-01-31,Sun,Away,W 3–1,Liverpool,West Ham,Y,"FW,RW",90.0,2.0,0.0,0.0,0.0,7.0,4.0,0.0,0.0,57.0,0.0,0.0,0.0,0.8,0.8,0.1,2.0,0.0,40.0,46.0,87.0,3.0,39.0,1.0,2.0,1.0
Matchweek 22,20_21,2021-02-03,Wed,Home,L 0–1,Liverpool,Brighton,Y,RW,90.0,0.0,0.0,0.0,0.0,4.0,0.0,0.0,0.0,55.0,0.0,0.0,1.0,0.7,0.7,0.0,2.0,0.0,33.0,39.0,84.6,3.0,38.0,4.0,0.0,0.0
Matchweek 23,20_21,2021-02-07,Sun,Home,L 1–4,Liverpool,Manchester City,Y,RW,90.0,1.0,0.0,1.0,1.0,1.0,0.0,0.0,0.0,38.0,0.0,0.0,0.0,0.8,0.1,0.0,2.0,1.0,27.0,31.0,87.1,5.0,26.0,2.0,1.0,0.0
Matchweek 24,20_21,2021-02-13,Sat,Away,L 1–3,Liverpool,Leicester City,Y,RW,90.0,1.0,0.0,0.0,0.0,3.0,2.0,0.0,0.0,42.0,0.0,0.0,0.0,0.4,0.4,0.1,4.0,0.0,25.0,33.0,75.8,5.0,32.0,5.0,1.0,0.0
Matchweek 25,20_21,2021-02-20,Sat,Home,L 0–2,Liverpool,Everton,Y,"RW,RM",90.0,0.0,0.0,0.0,0.0,1.0,1.0,0.0,0.0,54.0,1.0,0.0,0.0,0.4,0.4,0.0,2.0,0.0,35.0,46.0,76.1,6.0,40.0,1.0,3.0,2.0
Matchweek 26,20_21,2021-02-28,Sun,Away,W 2–0,Liverpool,Sheffield Utd,Y,RW,90.0,0.0,0.0,0.0,0.0,3.0,1.0,0.0,0.0,50.0,0.0,0.0,0.0,0.8,0.8,0.0,3.0,0.0,37.0,41.0,90.2,3.0,40.0,2.0,2.0,2.0
Matchweek 29,20_21,2021-03-04,Thu,Home,L 0–1,Liverpool,Chelsea,Y,RW,61.0,0.0,0.0,0.0,0.0,1.0,0.0,0.0,0.0,50.0,2.0,0.0,1.0,0.0,0.0,0.0,1.0,0.0,32.0,38.0,84.2,9.0,36.0,1.0,4.0,2.0
Matchweek 27,20_21,2021-03-07,Sun,Home,L 0–1,Liverpool,Fulham,Y,FW,90.0,0.0,0.0,0.0,0.0,3.0,1.0,0.0,0.0,28.0,0.0,0.0,0.0,0.2,0.2,0.0,2.0,0.0,18.0,23.0,78.3,1.0,19.0,4.0,1.0,1.0
Matchweek 28,20_21,2021-03-15,Mon,Away,W 1–0,Liverpool,Wolves,Y,RW,90.0,0.0,0.0,0.0,0.0,3.0,1.0,0.0,0.0,32.0,1.0,0.0,0.0,0.2,0.2,0.1,4.0,1.0,20.0,24.0,83.3,3.0,25.0,3.0,1.0,0.0
Matchweek 30,20_21,2021-04-03,Sat,Away,W 3–0,Liverpool,Arsenal,Y,RW,90.0,1.0,0.0,0.0,0.0,5.0,2.0,0.0,0.0,53.0,0.0,0.0,0.0,0.8,0.8,0.3,3.0,2.0,32.0,42.0,76.2,4.0,36.0,2.0,1.0,0.0
Matchweek 31,20_21,2021-04-10,Sat,Home,W 2–1,Liverpool,Aston Villa,Y,RW,90.0,1.0,0.0,0.0,0.0,7.0,2.0,0.0,0.0,56.0,0.0,0.0,0.0,1.1,1.1,0.0,5.0,0.0,35.0,42.0,83.3,4.0,38.0,4.0,1.0,0.0
Matchweek 32,20_21,2021-04-19,Mon,Away,D 1–1,Liverpool,Leeds United,N,"FW,RW",20.0,0.0,0.0,0.0,0.0,2.0,0.0,0.0,0.0,12.0,0.0,0.0,0.0,0.1,0.1,0.0,1.0,0.0,3.0,6.0,50.0,0.0,9.0,1.0,1.0,0.0
Matchweek 33,20_21,2021-04-24,Sat,Home,D 1–1,Liverpool,Newcastle Utd,Y,RM,90.0,1.0,0.0,0.0,0.0,3.0,2.0,0.0,0.0,54.0,0.0,0.0,1.0,0.7,0.7,0.3,5.0,0.0,35.0,43.0,81.4,6.0,33.0,3.0,2.0,0.0
Matchweek 35,20_21,2021-05-08,Sat,Home,W 2–0,Liverpool,Southampton,Y,RW,86.0,0.0,1.0,0.0,0.0,4.0,2.0,0.0,0.0,41.0,1.0,1.0,0.0,0.5,0.5,0.6,3.0,1.0,23.0,29.0,79.3,1.0,28.0,5.0,3.0,1.0
Matchweek 34,20_21,2021-05-13,Thu,Away,W 4–2,Liverpool,Manchester Utd,Y,RW,89.0,1.0,0.0,0.0,0.0,4.0,1.0,0.0,0.0,36.0,0.0,0.0,0.0,0.7,0.7,0.1,6.0,0.0,23.0,26.0,88.5,3.0,26.0,5.0,0.0,0.0
Matchweek 36,20_21,2021-05-16,Sun,Away,W 2–1,Liverpool,West Brom,Y,RW,90.0,1.0,0.0,0.0,0.0,4.0,3.0,0.0,0.0,43.0,0.0,0.0,0.0,0.3,0.3,0.2,5.0,0.0,27.0,37.0,73.0,3.0,29.0,4.0,1.0,1.0
Matchweek 37,20_21,2021-05-19,Wed,Away,W 3–0,Liverpool,Burnley,Y,RW,90.0,0.0,0.0,0.0,0.0,4.0,0.0,0.0,0.0,43.0,0.0,0.0,0.0,0.9,0.9,0.5,5.0,0.0,22.0,28.0,78.6,2.0,29.0,4.0,3.0,1.0
Matchweek 38,20_21,2021-05-23,Sun,Home,W 2–0,Liverpool,Crystal Palace,Y,RW,90.0,0.0,1.0,0.0,0.0,6.0,2.0,0.0,0.0,51.0,0.0,0.0,2.0,0.5,0.5,0.1,4.0,1.0,23.0,31.0,74.2,5.0,36.0,4.0,3.0,0.0
Matchweek 1,21_22,2021-08-14,Sat,Away,W 3–0,Liverpool,Norwich City,Y,RW,90.0,1.0,2.0,0.0,0.0,5.0,2.0,0.0,0.0,35.0,0.0,0.0,0.0,0.3,0.3,0.7,4.0,2.0,17.0,24.0,70.8,4.0,19.0,3.0,3.0,2.0
Matchweek 2,21_22,2021-08-21,Sat,Home,W 2–0,Liverpool,Burnley,Y,RW,90.0,0.0,0.0,0.0,0.0,5.0,1.0,0.0,0.0,42.0,0.0,0.0,0.0,0.4,0.4,0.1,7.0,0.0,26.0,31.0,83.9,2.0,33.0,6.0,4.0,2.0
Matchweek 3,21_22,2021-08-28,Sat,Home,D 1–1,Liverpool,Chelsea,Y,RW,90.0,1.0,0.0,1.0,1.0,2.0,1.0,0.0,0.0,56.0,0.0,0.0,0.0,1.1,0.3,0.2,7.0,0.0,37.0,45.0,82.2,2.0,35.0,3.0,4.0,2.0
Matchweek 4,21_22,2021-09-12,Sun,Away,W 3–0,Liverpool,Leeds United,Y,RW,90.0,1.0,0.0,0.0,0.0,3.0,1.0,0.0,0.0,47.0,1.0,0.0,0.0,0.9,0.9,0.8,9.0,0.0,25.0,34.0,73.5,6.0,34.0,5.0,3.0,0.0
Matchweek 5,21_22,2021-09-18,Sat,Home,W 3–0,Liverpool,Crystal Palace,Y,RW,90.0,1.0,0.0,0.0,0.0,6.0,5.0,1.0,0.0,57.0,0.0,0.0,0.0,0.5,0.5,0.2,4.0,1.0,34.0,44.0,77.3,7.0,46.0,1.0,5.0,3.0
Matchweek 6,21_22,2021-09-25,Sat,Away,D 3–3,Liverpool,Brentford,Y,"RW,FW",90.0,1.0,0.0,0.0,0.0,3.0,1.0,0.0,0.0,51.0,0.0,1.0,0.0,1.6,1.6,0.0,5.0,1.0,27.0,41.0,65.9,4.0,33.0,4.0,4.0,2.0
Matchweek 7,21_22,2021-10-03,Sun,Home,D 2–2,Liverpool,Manchester City,Y,RW,90.0,1.0,1.0,0.0,0.0,3.0,1.0,0.0,0.0,40.0,4.0,1.0,0.0,0.2,0.2,0.6,5.0,4.0,17.0,21.0,81.0,5.0,26.0,5.0,8.0,5.0
Matchweek 8,21_22,2021-10-16,Sat,Away,W 5–0,Liverpool,Watford,Y,RW,90.0,1.0,1.0,0.0,0.0,5.0,3.0,0.0,0.0,63.0,0.0,0.0,0.0,0.3,0.3,0.3,6.0,3.0,42.0,52.0,80.8,5.0,35.0,6.0,4.0,3.0
Matchweek 9,21_22,2021-10-24,Sun,Away,W 5–0,Liverpool,Manchester Utd,Y,RW,90.0,3.0,1.0,0.0,0.0,7.0,4.0,0.0,0.0,57.0,0.0,0.0,0.0,1.3,1.3,0.7,3.0,2.0,44.0,48.0,91.7,6.0,40.0,5.0,1.0,0.0
Matchweek 10,21_22,2021-10-30,Sat,Home,D 2–2,Liverpool,Brighton,Y,RW,90.0,0.0,1.0,0.0,0.0,2.0,1.0,0.0,0.0,42.0,0.0,0.0,0.0,0.1,0.1,0.6,3.0,1.0,22.0,32.0,68.8,6.0,18.0,6.0,3.0,3.0
Matchweek 11,21_22,2021-11-07,Sun,Away,L 2–3,Liverpool,West Ham,Y,RW,90.0,0.0,1.0,0.0,0.0,2.0,0.0,0.0,0.0,45.0,0.0,0.0,0.0,0.1,0.1,0.2,5.0,1.0,26.0,33.0,78.8,2.0,30.0,2.0,6.0,2.0
Matchweek 12,21_22,2021-11-20,Sat,Home,W 4–0,Liverpool,Arsenal,Y,RW,90.0,1.0,0.0,0.0,0.0,4.0,2.0,0.0,0.0,49.0,0.0,0.0,0.0,1.3,1.3,0.2,3.0,1.0,27.0,33.0,81.8,1.0,26.0,6.0,7.0,1.0
Matchweek 13,21_22,2021-11-27,Sat,Home,W 4–0,Liverpool,Southampton,Y,RW,90.0,0.0,1.0,0.0,0.0,4.0,0.0,0.0,0.0,46.0,0.0,0.0,0.0,0.1,0.1,0.9,2.0,1.0,20.0,31.0,64.5,5.0,28.0,5.0,2.0,0.0
Matchweek 14,21_22,2021-12-01,Wed,Away,W 4–1,Liverpool,Everton,Y,RW,90.0,2.0,0.0,0.0,0.0,5.0,3.0,0.0,0.0,54.0,1.0,0.0,1.0,1.4,1.4,0.0,3.0,0.0,34.0,40.0,85.0,6.0,39.0,5.0,3.0,0.0
Matchweek 15,21_22,2021-12-04,Sat,Away,W 1–0,Liverpool,Wolves,Y,RW,89.0,0.0,1.0,0.0,0.0,2.0,1.0,0.0,0.0,42.0,0.0,1.0,0.0,0.2,0.2,0.5,3.0,1.0,20.0,29.0,69.0,1.0,26.0,1.0,2.0,1.0
Matchweek 16,21_22,2021-12-11,Sat,Home,W 1–0,Liverpool,Aston Villa,Y,RW,90.0,1.0,0.0,1.0,1.0,5.0,1.0,0.0,0.0,47.0,1.0,0.0,0.0,1.1,0.3,0.0,1.0,1.0,21.0,32.0,65.6,3.0,34.0,7.0,9.0,4.0
Matchweek 17,21_22,2021-12-16,Thu,Home,W 3–1,Liverpool,Newcastle Utd,Y,RW,73.0,1.0,0.0,0.0,0.0,4.0,1.0,0.0,0.0,49.0,0.0,0.0,0.0,0.7,0.7,0.2,4.0,0.0,31.0,42.0,73.8,4.0,36.0,6.0,2.0,1.0
Matchweek 18,21_22,2021-12-19,Sun,Away,D 2–2,Liverpool,Tottenham,Y,"RW,FW",90.0,0.0,0.0,0.0,0.0,2.0,0.0,0.0,0.0,36.0,2.0,0.0,0.0,0.1,0.1,0.1,4.0,0.0,20.0,28.0,71.4,1.0,23.0,4.0,0.0,0.0
Matchweek 20,21_22,2021-12-28,Tue,Away,L 0–1,Liverpool,Leicester City,Y,RW,90.0,0.0,0.0,0.0,1.0,4.0,1.0,0.0,0.0,51.0,0.0,1.0,0.0,1.1,0.1,0.1,6.0,0.0,30.0,37.0,81.1,4.0,31.0,1.0,8.0,6.0
Matchweek 21,21_22,2022-01-02,Sun,Away,D 2–2,Liverpool,Chelsea,Y,RW,90.0,1.0,0.0,0.0,0.0,4.0,3.0,0.0,0.0,39.0,0.0,1.0,0.0,0.5,0.5,0.2,4.0,0.0,27.0,30.0,90.0,2.0,25.0,1.0,3.0,1.0
Matchweek 24,21_22,2022-02-10,Thu,Home,W 2–0,Liverpool,Leicester City,N,RW,31.0,0.0,0.0,0.0,0.0,4.0,3.0,0.0,0.0,23.0,0.0,0.0,0.0,0.5,0.5,0.1,5.0,0.0,13.0,16.0,81.3,1.0,12.0,2.0,5.0,2.0
Matchweek 25,21_22,2022-02-13,Sun,Away,W 1–0,Liverpool,Burnley,Y,RW,90.0,0.0,0.0,0.0,0.0,1.0,0.0,0.0,0.0,42.0,1.0,1.0,2.0,0.2,0.2,0.0,2.0,0.0,20.0,30.0,66.7,2.0,21.0,1.0,2.0,1.0
Matchweek 26,21_22,2022-02-19,Sat,Home,W 3–1,Liverpool,Norwich City,Y,"RW,RM",90.0,1.0,0.0,0.0,0.0,8.0,2.0,0.0,0.0,62.0,1.0,0.0,0.0,1.1,1.1,0.7,14.0,0.0,36.0,46.0,78.3,4.0,43.0,10.0,7.0,4.0
Matchweek 19,21_22,2022-02-23,Wed,Home,W 6–0,Liverpool,Leeds United,Y,RW,90.0,2.0,1.0,2.0,2.0,4.0,1.0,0.0,0.0,66.0,0.0,0.0,0.0,2.5,0.9,0.5,5.0,3.0,46.0,52.0,88.5,11.0,49.0,5.0,4.0,0.0
Matchweek 28,21_22,2022-03-05,Sat,Home,W 1–0,Liverpool,West Ham,Y,RW,78.0,0.0,0.0,0.0,0.0,6.0,3.0,0.0,0.0,57.0,0.0,0.0,0.0,0.7,0.7,0.1,4.0,0.0,33.0,42.0,78.6,4.0,43.0,2.0,3.0,1.0
Matchweek 29,21_22,2022-03-12,Sat,Away,W 2–0,Liverpool,Brighton,Y,RW,64.0,1.0,0.0,1.0,1.0,6.0,2.0,0.0,0.0,27.0,0.0,0.0,0.0,1.4,0.6,0.2,6.0,0.0,11.0,17.0,64.7,1.0,14.0,2.0,2.0,2.0
Matchweek 27,21_22,2022-03-16,Wed,Away,W 2–0,Liverpool,Arsenal,N,RW,35.0,0.0,0.0,0.0,0.0,3.0,0.0,0.0,0.0,21.0,0.0,0.0,0.0,0.2,0.2,0.0,2.0,0.0,10.0,16.0,62.5,1.0,10.0,1.0,1.0,0.0
Matchweek 31,21_22,2022-04-02,Sat,Home,W 2–0,Liverpool,Watford,Y,RW,68.0,0.0,0.0,0.0,0.0,3.0,0.0,0.0,0.0,42.0,2.0,0.0,0.0,0.1,0.1,0.0,1.0,0.0,22.0,27.0,81.5,2.0,32.0,2.0,4.0,1.0
Matchweek 32,21_22,2022-04-10,Sun,Away,D 2–2,Liverpool,Manchester City,Y,RW,90.0,0.0,1.0,0.0,0.0,1.0,0.0,0.0,0.0,41.0,3.0,0.0,0.0,0.1,0.1,0.9,3.0,1.0,20.0,24.0,83.3,4.0,32.0,4.0,5.0,2.0
Matchweek 30,21_22,2022-04-19,Tue,Home,W 4–0,Liverpool,Manchester Utd,Y,RW,90.0,2.0,1.0,0.0,0.0,4.0,2.0,0.0,0.0,61.0,1.0,0.0,2.0,0.8,0.8,0.5,1.0,1.0,35.0,44.0,79.5,2.0,48.0,2.0,2.0,0.0
Matchweek 34,21_22,2022-04-24,Sun,Home,W 2–0,Liverpool,Everton,Y,RW,90.0,0.0,1.0,0.0,0.0,2.0,0.0,0.0,0.0,72.0,0.0,0.0,1.0,0.2,0.2,0.3,4.0,1.0,42.0,56.0,75.0,8.0,48.0,6.0,5.0,1.0
Matchweek 35,21_22,2022-04-30,Sat,Away,W 1–0,Liverpool,Newcastle Utd,N,RW,22.0,0.0,0.0,0.0,0.0,2.0,1.0,0.0,0.0,14.0,0.0,0.0,0.0,0.1,0.1,0.0,1.0,0.0,7.0,8.0,87.5,2.0,7.0,0.0,1.0,0.0
Matchweek 36,21_22,2022-05-07,Sat,Home,D 1–1,Liverpool,Tottenham,Y,"RW,RM",90.0,0.0,0.0,0.0,0.0,3.0,0.0,0.0,0.0,44.0,0.0,0.0,0.0,0.4,0.4,0.1,2.0,0.0,20.0,32.0,62.5,2.0,35.0,5.0,1.0,1.0
Matchweek 33,21_22,2022-05-10,Tue,Away,W 2–1,Liverpool,Aston Villa,N,RW,19.0,0.0,0.0,0.0,0.0,1.0,0.0,0.0,0.0,12.0,0.0,0.0,0.0,0.1,0.1,0.0,1.0,0.0,5.0,8.0,62.5,0.0,7.0,0.0,1.0,0.0
Matchweek 38,21_22,2022-05-22,Sun,Home,W 3–1,Liverpool,Wolves,N,RW,33.0,1.0,0.0,0.0,0.0,8.0,3.0,0.0,0.0,20.0,0.0,0.0,1.0,1.0,1.0,0.0,2.0,0.0,8.0,11.0,72.7,2.0,12.0,1.0,0.0,0.0
Matchweek 1,22_23,2022-08-06,Sat,Away,D 2–2,Liverpool,Fulham,Y,RW,90,1,0,0,0,2,1,0,0,47,0,1,0,0.4,0.4,0.1,2,0,24,34,70.6,6,31,4,6,2
Matchweek 2,22_23,2022-08-15,Mon,Home,D 1–1,Liverpool,Crystal Palace,Y,"RW,FW",90,0,0,0,0,3,1,0,0,51,0,0,0,0.3,0.3,0.8,9,0,27,35,77.1,9,37,0,6,1
Matchweek 3,22_23,2022-08-22,Mon,Away,L 1–2,Liverpool,Manchester Utd,Y,RW,90,1,0,0,0,3,1,0,0,35,1,0,0,0.3,0.3,0.3,7,0,16,26,61.5,0,26,3,4,2
Matchweek 4,22_23,2022-08-27,Sat,Home,W 9–0,Liverpool,Bournemouth,Y,RW,90,0,0,0,0,4,1,0,0,53,0,0,1,1.2,1.2,0.1,3,1,31,39,79.5,7,39,7,3,0
Matchweek 5,22_23,2022-08-31,Wed,Home,W 2–1,Liverpool,Newcastle Utd,Y,RW,90,0,2,0,0,2,0,0,0,33,0,0,0,0.2,0.2,0.4,7,2,21,24,87.5,4,20,4,6,3
Matchweek 6,22_23,2022-09-03,Sat,Away,D 0–0,Liverpool,Everton,Y,RW,90,0,0,0,0,3,1,0,0,39,2,0,0,0.2,0.2,0.2,4,0,18,28,64.3,3,26,3,2,1
Matchweek 9,22_23,2022-10-01,Sat,Home,D 3–3,Liverpool,Brighton,Y,"RW,RM",90,0,1,0,0,5,2,0,0,38,0,0,0,0.6,0.6,0.1,2,1,16,21,76.2,4,19,4,4,1
Matchweek 10,22_23,2022-10-09,Sun,Away,L 2–3,Liverpool,Arsenal,Y,RW,68,0,0,0,0,1,0,0,0,23,0,0,1,0.1,0.1,0.0,2,0,17,19,89.5,1,12,2,3,2
Matchweek 11,22_23,2022-10-16,Sun,Home,W 1–0,Liverpool,Manchester City,Y,FW,89,1,0,0,0,3,1,0,0,26,0,1,0,0.9,0.9,0.0,0,0,11,14,78.6,1,17,4,1,0
Matchweek 12,22_23,2022-10-19,Wed,Home,W 1–0,Liverpool,West Ham,Y,"RM,FW",90,0,0,0,0,6,2,0,0,46,0,0,1,0.4,0.4,0.0,4,0,27,30,90.0,4,35,2,5,1
Matchweek 13,22_23,2022-10-22,Sat,Away,L 0–1,Liverpool,Nott'ham Forest,Y,FW,90,0,0,0,0,4,2,0,0,17,0,0,0,0.3,0.3,0.1,0,0,5,7,71.4,0,17,0,0,0
Matchweek 14,22_23,2022-10-29,Sat,Home,L 1–2,Liverpool,Leeds United,Y,FW,90,1,0,0,0,7,3,0,0,48,0,0,0,0.8,0.8,0.2,7,1,22,32,68.8,4,31,2,7,2
Matchweek 15,22_23,2022-11-06,Sun,Away,W 2–1,Liverpool,Tottenham,Y,FW,89,2,0,0,0,3,3,0,0,56,1,0,1,0.7,0.7,0.0,0,0,32,39,82.1,2,39,2,2,0
Matchweek 16,22_23,2022-11-12,Sat,Home,W 3–1,Liverpool,Southampton,Y,RW,90,0,0,0,0,4,2,0,0,37,1,0,1,0.8,0.8,0.0,5,2,14,25,56.0,2,29,2,4,2
Matchweek 17,22_23,2022-12-26,Mon,Away,W 3–1,Liverpool,Aston Villa,Y,"RW,FW",90,1,1,0,0,3,2,0,0,41,0,0,0,0.8,0.8,0.4,7,1,23,30,76.7,1,23,3,3,1
Matchweek 18,22_23,2022-12-30,Fri,Home,W 2–1,Liverpool,Leicester City,Y,RW,90,0,0,0,0,4,2,0,0,25,2,1,1,1.0,1.0,0.1,5,0,10,14,71.4,2,13,1,2,1
Matchweek 19,22_23,2023-01-02,Mon,Away,L 1–3,Liverpool,Brentford,Y,RW,90,0,0,0,0,1,0,0,0,44,0,0,0,0.0,0.0,0.3,4,0,27,38,71.1,4,34,2,2,1
Matchweek 20,22_23,2023-01-14,Sat,Away,L 0–3,Liverpool,Brighton,Y,"FW,RW",90,0,0,0,0,1,0,0,0,36,1,1,2,0.0,0.0,0.1,1,0,16,20,80.0,4,22,2,0,0
Matchweek 21,22_23,2023-01-21,Sat,Home,D 0–0,Liverpool,Chelsea,Y,RW,90,0,0,0,0,1,0,0,0,45,2,0,3,0.1,0.1,0.1,5,0,26,33,78.8,4,25,3,4,2
Matchweek 22,22_23,2023-02-04,Sat,Away,L 0–3,Liverpool,Wolves,Y,"RW,FW",90,0,0,0,0,2,0,0,0,38,1,0,0,0.2,0.2,0.0,0,0,21,29,72.4,4,23,1,1,0
Matchweek 23,22_23,2023-02-13,Mon,Home,W 2–0,Liverpool,Everton,Y,RW,89,1,0,0,0,6,3,0,0,54,1,0,0,1.1,1.1,0.0,5,2,31,36,86.1,3,39,7,7,3
Matchweek 24,22_23,2023-02-18,Sat,Away,W 2–0,Liverpool,Newcastle Utd,Y,RW,90,0,1,0,0,2,1,0,0,32,0,0,1,0.2,0.2,0.3,4,2,19,24,79.2,5,19,3,2,0
Matchweek 25,22_23,2023-02-25,Sat,Away,D 0–0,Liverpool,Crystal Palace,Y,RW,90,0,0,0,0,3,1,0,0,31,0,0,0,0.1,0.1,0.3,4,0,19,26,73.1,2,22,1,2,2
Matchweek 7,22_23,2023-03-01,Wed,Home,W 2–0,Liverpool,Wolves,Y,RW,90,1,0,0,0,2,1,0,0,35,0,0,0,0.7,0.7,0.2,2,0,20,26,76.9,3,25,5,4,2
Matchweek 26,22_23,2023-03-05,Sun,Home,W 7–0,Liverpool,Manchester Utd,Y,RW,90,2,2,0,0,3,2,1,0,53,1,0,3,0.7,0.7,0.6,6,3,24,34,70.6,7,41,2,4,1
Matchweek 27,22_23,2023-03-11,Sat,Away,L 0–1,Liverpool,Bournemouth,Y,RW,90,0,0,0,1,1,1,0,0,39,0,0,1,0.9,0.1,0.0,3,0,24,33,72.7,5,25,1,2,1
Matchweek 29,22_23,2023-04-01,Sat,Away,L 1–4,Liverpool,Manchester City,Y,RW,69,1,0,0,0,2,1,1,0,17,0,0,1,0.2,0.2,0.1,2,0,10,13,76.9,2,8,4,0,0
Matchweek 8,22_23,2023-04-04,Tue,Away,D 0–0,Liverpool,Chelsea,N,RW,26,0,0,0,0,0,0,0,0,12,0,1,0,0.0,0.0,0.0,0,0,7,10,70.0,1,9,1,1,1
Matchweek 30,22_23,2023-04-09,Sun,Home,D 2–2,Liverpool,Arsenal,Y,RW,90,1,0,0,1,9,3,0,0,67,1,0,1,2.1,1.4,0.4,3,0,30,39,76.9,7,34,4,7,0
Matchweek 31,22_23,2023-04-17,Mon,Away,W 6–1,Liverpool,Leeds United,Y,RW,80,2,0,0,0,3,2,0,0,62,0,0,0,0.7,0.7,0.0,2,1,42,54,77.8,3,53,3,3,1
Matchweek 32,22_23,2023-04-22,Sat,Home,W 3–2,Liverpool,Nott'ham Forest,Y,RW,90,1,0,0,0,3,1,0,0,63,0,0,1,0.4,0.4,0.1,4,1,43,52,82.7,9,38,7,4,1
Matchweek 33,22_23,2023-04-26,Wed,Away,W 2–1,Liverpool,West Ham,Y,RW,90,0,0,0,0,3,0,0,0,52,1,0,0,0.1,0.1,0.0,5,0,38,45,84.4,6,41,3,1,1
Matchweek 34,22_23,2023-04-30,Sun,Home,W 4–3,Liverpool,Tottenham,Y,RW,90,1,0,1,1,2,0,0,0,56,2,0,0,0.9,0.1,0.0,3,2,36,41,87.8,7,38,4,9,3
Matchweek 28,22_23,2023-05-03,Wed,Home,W 1–0,Liverpool,Fulham,Y,RW,83,1,0,1,1,2,0,0,0,67,1,0,0,1.2,0.4,0.2,4,0,41,57,71.9,4,41,2,5,5
Matchweek 35,22_23,2023-05-06,Sat,Home,W 1–0,Liverpool,Brentford,Y,RW,90,1,0,0,0,3,2,0,0,56,0,1,0,1.0,1.0,0.2,7,0,34,46,73.9,6,38,2,3,2
Matchweek 36,22_23,2023-05-15,Mon,Away,W 3–0,Liverpool,Leicester City,Y,RW,87,0,3,0,0,5,1,0,0,52,1,0,0,0.9,0.9,0.9,4,3,31,40,77.5,6,41,5,2,0
Matchweek 37,22_23,2023-05-20,Sat,Home,D 1–1,Liverpool,Aston Villa,Y,RW,90,0,1,0,0,2,1,0,0,48,0,0,1,0.1,0.1,0.4,2,1,22,34,64.7,2,38,6,8,2
Matchweek 38,22_23,2023-05-28,Sun,Away,D 4–4,Liverpool,Southampton,Y,"RW,RM",90,0,1,0,0,8,1,0,0,60,2,0,1,1.2,1.2,0.2,6,1,27,38,71.1,5,40,9,6,4
Matchweek 1,23_24,2023-08-13,Sun,Away,D 1–1,Liverpool,Chelsea,Y,RW,76.0,0.0,1.0,0.0,0.0,3.0,0.0,0.0,0.0,29.0,1.0,0.0,1.0,0.3,0.3,0.5,3.0,1.0,18.0,23.0,78.3,3.0,21.0,2.0,0.0,0.0
Matchweek 2,23_24,2023-08-19,Sat,Home,W 3–1,Liverpool,Bournemouth,Y,"RW,FW",85.0,1.0,0.0,0.0,1.0,4.0,2.0,0.0,0.0,44.0,1.0,0.0,1.0,1.2,0.3,0.0,3.0,1.0,28.0,33.0,84.8,4.0,30.0,2.0,3.0,0.0
Matchweek 3,23_24,2023-08-27,Sun,Away,W 2–1,Liverpool,Newcastle Utd,Y,"FW,RW,RM",90.0,0.0,1.0,0.0,0.0,2.0,1.0,0.0,0.0,36.0,1.0,1.0,0.0,0.2,0.2,0.4,4.0,2.0,23.0,24.0,95.8,1.0,28.0,1.0,5.0,3.0
Matchweek 4,23_24,2023-09-03,Sun,Home,W 3–0,Liverpool,Aston Villa,Y,RW,90.0,1.0,0.0,0.0,0.0,4.0,3.0,0.0,0.0,40.0,2.0,0.0,0.0,0.8,0.8,0.4,5.0,0.0,22.0,27.0,81.5,4.0,24.0,3.0,3.0,0.0
Matchweek 5,23_24,2023-09-16,Sat,Away,W 3–1,Liverpool,Wolves,Y,"RW,FW",89.0,0.0,2.0,0.0,0.0,1.0,0.0,0.0,0.0,31.0,1.0,0.0,0.0,0.2,0.2,1.6,6.0,2.0,19.0,25.0,76.0,2.0,19.0,2.0,3.0,0.0
Matchweek 6,23_24,2023-09-24,Sun,Home,W 3–1,Liverpool,West Ham,Y,RW,90.0,1.0,0.0,1.0,1.0,4.0,1.0,0.0,0.0,57.0,1.0,0.0,0.0,1.0,0.2,0.6,5.0,1.0,29.0,43.0,67.4,8.0,51.0,7.0,4.0,2.0
Matchweek 7,23_24,2023-09-30,Sat,Away,L 1–2,Liverpool,Tottenham,Y,"FW,RW,RM",73.0,0.0,0.0,0.0,0.0,1.0,0.0,1.0,0.0,30.0,0.0,0.0,0.0,0.0,0.0,0.7,3.0,0.0,13.0,21.0,61.9,3.0,22.0,6.0,5.0,1.0
Matchweek 8,23_24,2023-10-08,Sun,Away,D 2–2,Liverpool,Brighton,Y,RW,90.0,2.0,0.0,1.0,1.0,4.0,1.0,0.0,0.0,46.0,1.0,0.0,1.0,1.4,0.6,0.0,3.0,0.0,23.0,32.0,71.9,5.0,29.0,2.0,5.0,2.0
Matchweek 9,23_24,2023-10-21,Sat,Home,W 2–0,Liverpool,Everton,Y,RW,90.0,2.0,0.0,1.0,1.0,3.0,1.0,0.0,0.0,38.0,0.0,0.0,0.0,1.4,0.6,0.2,5.0,0.0,21.0,29.0,72.4,4.0,23.0,3.0,2.0,0.0
Matchweek 10,23_24,2023-10-29,Sun,Home,W 3–0,Liverpool,Nott'ham Forest,Y,RW,90.0,1.0,0.0,0.0,0.0,3.0,1.0,0.0,0.0,64.0,0.0,0.0,2.0,0.8,0.8,0.1,5.0,1.0,37.0,55.0,67.3,11.0,37.0,6.0,1.0,0.0
Matchweek 11,23_24,2023-11-05,Sun,Away,D 1–1,Liverpool,Luton Town,Y,RW,90.0,0.0,0.0,0.0,0.0,2.0,0.0,0.0,0.0,43.0,1.0,0.0,0.0,0.6,0.6,0.6,4.0,0.0,26.0,31.0,83.9,4.0,34.0,2.0,3.0,1.0
Matchweek 12,23_24,2023-11-12,Sun,Home,W 3–0,Liverpool,Brentford,Y,RW,90.0,2.0,0.0,0.0,0.0,3.0,2.0,0.0,0.0,64.0,0.0,0.0,0.0,1.0,1.0,0.1,2.0,0.0,39.0,55.0,70.9,6.0,53.0,2.0,1.0,0.0
Matchweek 13,23_24,2023-11-25,Sat,Away,D 1–1,Liverpool,Manchester City,Y,RW,90.0,0.0,1.0,0.0,0.0,0.0,0.0,0.0,0.0,36.0,1.0,0.0,2.0,0.0,0.0,0.2,3.0,1.0,21.0,29.0,72.4,5.0,27.0,2.0,4.0,3.0
Matchweek 14,23_24,2023-12-03,Sun,Home,W 4–3,Liverpool,Fulham,Y,"RW,AM",90.0,0.0,1.0,0.0,0.0,2.0,1.0,0.0,0.0,53.0,1.0,0.0,1.0,0.8,0.8,0.5,5.0,1.0,25.0,42.0,59.5,7.0,36.0,2.0,3.0,1.0
Matchweek 15,23_24,2023-12-06,Wed,Away,W 2–0,Liverpool,Sheffield Utd,Y,RW,66.0,0.0,0.0,0.0,0.0,4.0,2.0,0.0,0.0,36.0,0.0,0.0,1.0,0.4,0.4,0.1,3.0,0.0,23.0,28.0,82.1,3.0,28.0,1.0,2.0,1.0
Matchweek 16,23_24,2023-12-09,Sat,Away,W 2–1,Liverpool,Crystal Palace,Y,"RW,FW",90.0,1.0,1.0,0.0,0.0,3.0,1.0,0.0,0.0,51.0,0.0,1.0,1.0,0.3,0.3,0.0,2.0,1.0,31.0,40.0,77.5,7.0,41.0,1.0,0.0,0.0
Matchweek 17,23_24,2023-12-17,Sun,Home,D 0–0,Liverpool,Manchester Utd,Y,RW,90.0,0.0,0.0,0.0,0.0,6.0,4.0,0.0,0.0,73.0,1.0,0.0,0.0,0.4,0.4,0.4,11.0,0.0,39.0,58.0,67.2,8.0,58.0,6.0,2.0,1.0
Matchweek 18,23_24,2023-12-23,Sat,Home,D 1–1,Liverpool,Arsenal,Y,"RW,LW",90.0,1.0,0.0,0.0,0.0,3.0,2.0,1.0,0.0,37.0,1.0,0.0,0.0,0.3,0.3,0.5,3.0,1.0,11.0,21.0,52.4,3.0,27.0,3.0,4.0,1.0
Matchweek 19,23_24,2023-12-26,Tue,Away,W 2–0,Liverpool,Burnley,Y,RW,90.0,0.0,0.0,0.0,0.0,3.0,2.0,0.0,0.0,46.0,0.0,0.0,2.0,0.4,0.4,0.0,3.0,0.0,31.0,37.0,83.8,7.0,37.0,4.0,0.0,0.0
Matchweek 20,23_24,2024-01-01,Mon,Home,W 4–2,Liverpool,Newcastle Utd,Y,RW,90.0,2.0,1.0,1.0,2.0,4.0,2.0,0.0,0.0,60.0,0.0,0.0,2.0,2.7,1.1,1.5,10.0,2.0,28.0,43.0,65.1,4.0,37.0,12.0,3.0,1.0
Matchweek 25,23_24,2024-02-17,Sat,Away,W 4–1,Liverpool,Brentford,N,RW,47.0,1.0,1.0,0.0,0.0,2.0,1.0,0.0,0.0,30.0,0.0,0.0,1.0,0.5,0.5,0.4,3.0,2.0,21.0,23.0,91.3,2.0,27.0,5.0,2.0,2.0
Matchweek 28,23_24,2024-03-10,Sun,Home,D 1–1,Liverpool,Manchester City,N,RW,30.0,0.0,0.0,0.0,0.0,3.0,1.0,0.0,0.0,24.0,0.0,0.0,0.0,0.2,0.2,0.4,2.0,0.0,11.0,18.0,61.1,4.0,16.0,2.0,1.0,0.0
Matchweek 30,23_24,2024-03-31,Sun,Home,W 2–1,Liverpool,Brighton,Y,"RW,FW",90.0,1.0,0.0,0.0,0.0,12.0,4.0,0.0,0.0,68.0,0.0,0.0,1.0,1.5,1.5,0.1,9.0,1.0,29.0,39.0,74.4,5.0,46.0,5.0,9.0,3.0
Matchweek 31,23_24,2024-04-04,Thu,Home,W 3–1,Liverpool,Sheffield Utd,Y,RW,59.0,0.0,0.0,0.0,0.0,3.0,2.0,0.0,0.0,43.0,0.0,0.0,0.0,0.1,0.1,0.0,2.0,0.0,27.0,34.0,79.4,6.0,30.0,0.0,1.0,1.0
Matchweek 32,23_24,2024-04-07,Sun,Away,D 2–2,Liverpool,Manchester Utd,Y,RW,90.0,1.0,0.0,1.0,1.0,5.0,2.0,0.0,0.0,44.0,0.0,0.0,0.0,1.3,0.5,0.6,7.0,0.0,25.0,34.0,73.5,7.0,28.0,1.0,2.0,1.0
Matchweek 33,23_24,2024-04-14,Sun,Home,L 0–1,Liverpool,Crystal Palace,Y,RW,90.0,0.0,0.0,0.0,0.0,2.0,1.0,0.0,0.0,41.0,0.0,0.0,1.0,0.4,0.4,0.4,6.0,0.0,22.0,27.0,81.5,4.0,22.0,2.0,2.0,0.0
Matchweek 34,23_24,2024-04-21,Sun,Away,W 3–1,Liverpool,Fulham,N,RW,17.0,0.0,0.0,0.0,0.0,0.0,0.0,0.0,0.0,11.0,1.0,0.0,0.0,0.0,0.0,0.0,0.0,0.0,3.0,7.0,42.9,2.0,5.0,0.0,0.0,0.0
Matchweek 29,23_24,2024-04-24,Wed,Away,L 0–2,Liverpool,Everton,Y,RW,90.0,0.0,0.0,0.0,0.0,7.0,2.0,0.0,0.0,37.0,0.0,0.0,1.0,0.6,0.6,0.5,7.0,0.0,21.0,26.0,80.8,5.0,29.0,0.0,0.0,0.0
Matchweek 35,23_24,2024-04-27,Sat,Away,D 2–2,Liverpool,West Ham,N,RW,12.0,0.0,0.0,0.0,0.0,0.0,0.0,0.0,0.0,12.0,0.0,0.0,0.0,0.0,0.0,0.0,1.0,0.0,9.0,11.0,81.8,2.0,8.0,2.0,0.0,0.0
Matchweek 36,23_24,2024-05-05,Sun,Home,W 4–2,Liverpool,Tottenham,Y,RW,90.0,1.0,1.0,0.0,0.0,6.0,4.0,0.0,0.0,49.0,0.0,0.0,0.0,1.2,1.2,0.6,6.0,2.0,24.0,36.0,66.7,5.0,40.0,4.0,1.0,0.0
Matchweek 37,23_24,2024-05-13,Mon,Away,D 3–3,Liverpool,Aston Villa,Y,RW,90.0,0.0,0.0,0.0,0.0,1.0,0.0,0.0,0.0,34.0,1.0,0.0,0.0,0.1,0.1,0.3,4.0,0.0,18.0,26.0,69.2,4.0,28.0,2.0,2.0,2.0
Matchweek 38,23_24,2024-05-19,Sun,Home,W 2–0,Liverpool,Wolves,Y,RW,90.0,0.0,0.0,0.0,0.0,7.0,4.0,0.0,0.0,52.0,2.0,0.0,1.0,1.1,1.1,0.0,4.0,1.0,20.0,33.0,60.6,2.0,36.0,6.0,4.0,1.0
Matchweek 1,24_25,2024-08-17,Sat,Away,W 2–0,Liverpool,Ipswich Town,Y,RW,90,1,1,0,0,4,3,0,0,44,0,0,0,0.7,0.7,0.5,3,1,25,34,73.5,1,26,2,2,0
Matchweek 2,24_25,2024-08-25,Sun,Home,W 2–0,Liverpool,Brentford,Y,RW,82,1,0,0,0,3,2,0,0,46,1,0,0,0.5,0.5,0.0,3,0,30,35,85.7,10,40,6,2,2
Matchweek 3,24_25,2024-09-01,Sun,Away,W 3–0,Liverpool,Manchester Utd,Y,RW,90,1,2,0,0,3,1,0,0,46,1,1,0,0.6,0.6,0.9,7,2,27,35,77.1,2,32,5,4,2
Matchweek 4,24_25,2024-09-14,Sat,Home,L 0–1,Liverpool,Nott'ham Forest,Y,RW,90,0,0,0,0,3,2,0,0,54,0,0,0,0.1,0.1,0.1,6,0,30,43,69.8,5,39,7,5,1
Matchweek 5,24_25,2024-09-21,Sat,Home,W 3–0,Liverpool,Bournemouth,Y,RW,90,0,1,0,0,4,3,0,0,37,0,0,0,0.6,0.6,0.5,12,2,20,25,80.0,4,39,4,7,5
Matchweek 6,24_25,2024-09-28,Sat,Away,W 2–1,Liverpool,Wolves,Y,RW,90,1,0,1,1,2,1,0,0,38,2,0,1,1.3,0.5,0.2,2,0,19,29,65.5,2,16,2,3,2
Matchweek 7,24_25,2024-10-05,Sat,Away,W 1–0,Liverpool,Crystal Palace,Y,RW,72,0,0,0,0,2,1,0,0,31,0,0,0,0.2,0.2,0.0,2,0,19,23,82.6,3,20,1,0,0
Matchweek 8,24_25,2024-10-20,Sun,Home,W 2–1,Liverpool,Chelsea,Y,RW,90,1,1,1,1,1,0,0,0,38,1,1,0,0.8,0.0,0.7,4,2,17,31,54.8,3,31,1,4,3
Matchweek 9,24_25,2024-10-27,Sun,Away,D 2–2,Liverpool,Arsenal,Y,RW,90,1,0,0,0,3,2,0,0,42,0,0,0,0.4,0.4,0.0,2,0,26,37,70.3,3,29,4,4,2
Matchweek 10,24_25,2024-11-02,Sat,Home,W 2–1,Liverpool,Brighton,Y,RW,89,1,0,0,0,3,2,0,0,29,0,0,0,0.5,0.5,0.2,3,0,14,22,63.6,3,23,5,2,1
Matchweek 11,24_25,2024-11-09,Sat,Home,W 2–0,Liverpool,Aston Villa,Y,RW,90,1,1,0,0,3,1,0,0,46,2,0,0,0.8,0.8,0.7,2,0,21,32,65.6,5,27,2,2,0
Matchweek 12,24_25,2024-11-24,Sun,Away,W 3–2,Liverpool,Southampton,Y,RW,90,2,0,1,1,6,3,1,0,41,0,1,0,1.9,1.1,0.1,4,0,21,29,72.4,6,31,6,4,2
Matchweek 13,24_25,2024-12-01,Sun,Home,W 2–0,Liverpool,Manchester City,Y,RW,83,1,1,1,1,2,0,0,0,24,0,1,0,1.4,0.6,0.9,4,1,12,16,75.0,1,20,6,3,1
Matchweek 14,24_25,2024-12-04,Wed,Away,D 3–3,Liverpool,Newcastle Utd,Y,RW,90,2,1,0,0,4,2,0,0,47,1,0,0,0.7,0.7,0.4,6,1,21,31,67.7,2,38,2,1,1
Matchweek 16,24_25,2024-12-14,Sat,Home,D 2–2,Liverpool,Fulham,Y,"RW,FW",90,0,1,0,0,4,0,0,0,48,1,0,0,0.2,0.2,0.5,3,1,20,31,64.5,1,35,2,7,3
Matchweek 17,24_25,2024-12-22,Sun,Away,W 6–3,Liverpool,Tottenham,Y,RW,86,2,2,0,0,7,3,0,0,27,0,0,0,2.4,2.4,1.1,7,2,10,15,66.7,5,22,2,4,1
Matchweek 18,24_25,2024-12-26,Thu,Home,W 3–1,Liverpool,Leicester City,Y,RW,90,1,0,0,0,5,3,0,0,55,0,0,0,0.6,0.6,0.1,3,1,35,45,77.8,7,42,5,3,2
Matchweek 19,24_25,2024-12-29,Sun,Away,W 5–0,Liverpool,West Ham,Y,RW,90,1,2,0,0,7,4,0,0,51,0,0,0,1.8,1.8,0.7,7,3,21,39,53.8,3,36,9,5,3
Matchweek 20,24_25,2025-01-05,Sun,Home,D 2–2,Liverpool,Manchester Utd,Y,RW,90,1,0,1,1,3,0,0,0,47,0,0,0,1.0,0.2,0.4,6,0,24,32,75.0,5,30,8,4,2
Matchweek 21,24_25,2025-01-14,Tue,Away,D 1–1,Liverpool,Nott'ham Forest,Y,RW,90,0,0,0,0,6,1,0,0,60,0,0,0,0.5,0.5,0.5,6,0,28,40,70.0,6,34,4,4,0
Matchweek 22,24_25,2025-01-18,Sat,Away,W 2–0,Liverpool,Brentford,Y,RW,90,0,0,0,0,3,1,0,0,48,1,0,2,0.2,0.2,0.7,7,0,26,38,68.4,6,27,5,1,0
Matchweek 23,24_25,2025-01-25,Sat,Home,W 4–1,Liverpool,Ipswich Town,Y,"RW,AM",90,1,0,0,0,3,1,0,0,60,2,0,0,0.2,0.2,0.1,4,0,37,50,74.0,4,46,5,6,4
Matchweek 24,24_25,2025-02-01,Sat,Away,W 2–0,Liverpool,Bournemouth,Y,RW,87,2,0,1,1,3,2,0,0,52,1,0,0,0.9,0.1,0.2,6,0,35,43,81.4,5,26,5,4,2
Matchweek 15,24_25,2025-02-12,Wed,Away,D 2–2,Liverpool,Everton,Y,RW,90,1,1,0,0,2,2,0,0,46,0,0,1,0.3,0.3,0.2,2,1,26,36,72.2,3,27,2,4,4
Matchweek 25,24_25,2025-02-16,Sun,Home,W 2–1,Liverpool,Wolves,Y,RW,90,1,0,1,1,1,0,0,0,42,1,0,0,0.9,0.1,0.0,0,0,18,33,54.5,0,28,0,1,1
Matchweek 29,24_25,2025-02-19,Wed,Away,D 2–2,Liverpool,Aston Villa,Y,RW,90,1,1,0,0,2,1,0,0,36,0,0,0,0.5,0.5,0.2,4,2,16,27,59.3,1,21,4,4,2
Matchweek 26,24_25,2025-02-23,Sun,Away,W 2–0,Liverpool,Manchester City,Y,AM,89,1,1,0,0,2,2,0,0,42,2,0,0,0.2,0.2,0.3,4,2,20,28,71.4,3,28,5,4,3
Matchweek 27,24_25,2025-02-26,Wed,Home,W 2–0,Liverpool,Newcastle Utd,Y,RW,90,0,1,0,0,3,1,0,0,58,2,0,0,0.1,0.1,1.0,4,1,29,33,87.9,4,32,5,11,1
Matchweek 28,24_25,2025-03-08,Sat,Home,W 3–1,Liverpool,Southampton,Y,RW,90,2,0,2,2,3,0,0,0,59,0,0,0,1.9,0.4,0.3,8,1,33,45,73.3,7,42,8,2,1
Matchweek 30,24_25,2025-04-02,Wed,Home,W 1–0,Liverpool,Everton,Y,RW,89,0,0,0,0,1,1,0,0,60,2,0,2,0.1,0.1,0.0,2,0,37,46,80.4,4,41,2,5,0
Matchweek 31,24_25,2025-04-06,Sun,Away,L 2–3,Liverpool,Fulham,Y,"RW,WB",90,0,0,0,0,1,0,0,0,45,0,2,4,0.4,0.4,0.1,2,0,22,34,64.7,3,29,4,2,0
Matchweek 32,24_25,2025-04-13,Sun,Home,W 2–1,Liverpool,West Ham,Y,RW,84,0,1,0,0,1,0,0,0,45,0,0,0,0.1,0.1,0.8,4,1,29,39,74.4,6,29,5,3,1
Matchweek 33,24_25,2025-04-20,Sun,Away,W 1–0,Liverpool,Leicester City,Y,RW,90,0,0,0,0,7,1,0,0,37,0,1,1,1.1,1.1,0.1,5,0,17,25,68.0,4,26,5,3,2
Matchweek 34,24_25,2025-04-27,Sun,Home,W 5–1,Liverpool,Tottenham,Y,RW,90,1,0,0,0,4,1,0,0,45,0,0,0,0.2,0.2,0.7,9,2,26,36,72.2,2,34,4,3,1
Matchweek 35,24_25,2025-05-04,Sun,Away,L 1–3,Liverpool,Chelsea,Y,RW,90,0,0,0,0,1,0,0,0,42,0,0,0,0.1,0.1,0.4,4,0,22,33,66.7,4,33,1,2,0
Matchweek 36,24_25,2025-05-11,Sun,Home,D 2–2,Liverpool,Arsenal,Y,RW,90,0,0,0,0,0,0,0,0,34,1,0,0,0.0,0.0,0.3,4,1,15,26,57.7,4,20,5,4,0
Matchweek 37,24_25,2025-05-19,Mon,Away,L 2–3,Liverpool,Brighton,Y*,RW,90,0,0,0,0,6,2,0,0,35,0,1,0,0.8,0.8,0.2,3,0,17,20,85.0,3,22,5,5,2
Matchweek 38,24_25,2025-05-25,Sun,Home,D 1–1,Liverpool,Crystal Palace,Y,"RW,RM",90,1,0,0,0,3,1,0,0,58,0,1,1,0.4,0.4,0.5,5,0,27,47,57.4,4,28,1,3,1
